"Year","Header","Source","URL"
2010,"Top 10 Best Indie Games of 2010 - Indie Game...","indiegamereviewer.com›top…games…2010…game…games…","http://indiegamereviewer.com/top-ten-best-indie-games-of-2010-indie-game-reviewers-favorite-games-picks-of-the-year/"
2010,"Файл:Will Wright - Game Developers Conference 2010...","ru.wikipedia.org›Файл:Will Wright - Game Developers Conference 2010…","https://ru.wikipedia.org/wiki/%D0%A4%D0%B0%D0%B9%D0%BB:Will_Wright_-_Game_Developers_Conference_2010_(2).jpg"
2010,"2010 PC Game List - System Requirements and System Specs","game-debate.com›2016 Games›index.php?year=2010","http://www.game-debate.com/games/index.php?year=2010"
2010,"[Ebook] UDK Game Development | Forum - CGPersia Forums","forum.cgpersia.com›f80/ebook-udk-game-development…","https://forum.cgpersia.com/f80/ebook-udk-game-development-51016/"
2010,"Dinner Date v1.0.0 + RUS - скачать полную версию","small-games.info›?go=game&c=22&i=5774","http://small-games.info/?go=game&c=22&i=5774"
2010,"Game Development: начало пути / Хабрахабр","habrahabr.ru›post/223517/","https://habrahabr.ru/post/223517/"
2010,"Learn Java for Android Development: Date and Time Basics","code.tutsplus.com›Browse All Tutorials›…-development-date-and…","https://code.tutsplus.com/tutorials/learn-java-for-android-development-date-and-time-basics--mobile-3940"
2010,"Game Development Training Courses - Microsoft Virtual...","mva.microsoft.com›Game Development","https://mva.microsoft.com/training-topics/game-development"
2010,"Vancouver 2010™ - The Official Video Game of the Olympic...","store.steampowered.com›app/34180/","http://store.steampowered.com/app/34180/"
2010,"Free Game Development eBooks - Download Game...","bestebooksworld.com›cat/game-development/","http://www.bestebooksworld.com/cat/game-development/"
2010,"Gamedev в Литве / investlithuania.com","investlithuania.com/gamedevelopment","http://yabs.yandex.ru/count/FdwfDmoWCxS40000gQB0022EiD2IYmLIbGAR0Mv3jm8j0OY_PDh71ecqHxYj19W5dQ7xUnMcWmYAjOhAOGVSjv6gk0Yzi9td2mQgBgMYk4e8ZG7T0TwG9FIHkhtLjWENy7qfcXRjvnuDZxjAIRq3dxzJZcOCauKDcGL2ZAAyq0AseDef0RMWsYa1eAtD2mclehpG0hEW2Bq3jA3QAG7PhSqB2TgW2Bq3b9TBFgT8gAUm2NoZ0QxjS88ctOeErR41ih0n0090-UrmWYRTYWxLkQ7xUnN1__________yFmlWyWETc07N43SG1nOyFql__________3zF__________m_k0T-53Us2FVNQpg3rqt02zjyxO-xud5Hz8G00?q=game+development+date+2010"
2010,"Project Course on Game Development 2010 Showreel alpha...","youtube.com›watch?v=kgX4fA1RxL8","https://www.youtube.com/watch?v=kgX4fA1RxL8"
2010,"Expert's Voice in .NET - Dawes A. - Windows Mobile Game...","RuTracker.org›forum/viewtopic.php…","http://RuTracker.org/forum/viewtopic.php?t=2965577"
2010,"Full Sail Game Development & GDC 2010","fsgamedev.blogspot.ru","http://fsgamedev.blogspot.ru/"
2010,"Game Development | Friday, January 22, 2010","games-development.blogspot.ru","http://games-development.blogspot.ru/"
2010,"Introduction to game development (2010) | GAME","game.speldesign.uu.se›…2d-games…development-2010/","http://game.speldesign.uu.se/projects/2d-games/introduction-to-game-development-2010/"
2010,"game development – Page 4 – Geeks3D","geeks3d.com›tag/game-development/page/4/","http://www.geeks3d.com/tag/game-development/page/4/"
2010,"Distributed Game Development (2010) » SCRiPTMAFiA.ORG","scriptmafia.org›…40719…game-development-2010.html","http://scriptmafia.org/education/40719-distributed-game-development-2010.html"
2010,"Разработка игр | Библиотека ТУТ | Форум","smart-torrent.org›develop-game/","http://smart-torrent.org/develop-game/"
2010,"Файл:Akira Yamaoka - Game Developers Conference 2010...","ru.wikipedia.org›Файл:Akira Yamaoka - Game Developers Conference 2010 -…","https://ru.wikipedia.org/wiki/%D0%A4%D0%B0%D0%B9%D0%BB%3AAkira_Yamaoka_-_Game_Developers_Conference_2010_-_Day_3_%283%29.jpg"
2010,"The Australian Game Development Industry in 2010","gamespot.com›articles/the…game-development…2010…","http://www.gamespot.com/articles/the-australian-game-development-industry-in-2010/1100-6249507/"
2010,"Gamedev в Литве / investlithuania.com","investlithuania.com/gamedevelopment","http://yabs.yandex.ru/count/BOklDINbI-K40000gQB0022EjzUIYmLIbGAR0Mv3jm8j0OY_PDh71ecqHxYj19W5dQ7xUnMcWmYAjOhAOGVSjv6gk0Yzi9td2mQgBgMYk4e8ZG7T0TwG9FIHlHTkUG-Ny5V7mH7jvnuDZxdNEeK9dx5EGSWAauKDcGL2ZAM9dG6saEQgjP3cgg2jpGi9hwM9dG6pe0Yz0xIGvghPhSqB2TgW2Bq3b93fJgTzgAUm2NoZ0Qxil80Pf5CGrR41ih0n0090-UoyW1caKn3LkQ7xUnN1__________yFmkVFdO_06OBAn075Zm_I__________yFq___________3-u1tuKDxO8zzSt6XxxBlFRM-9HW-PnKU240?q=game+development+2010"
2010,"Project Course on Game Development 2010 Showreel alpha...","youtube.com›watch?v=kgX4fA1RxL8","https://www.youtube.com/watch?v=kgX4fA1RxL8"
2010,"Expert's Voice in .NET - Dawes A. - Windows Mobile Game...","RuTracker.org›forum/viewtopic.php…","http://RuTracker.org/forum/viewtopic.php?t=2965577"
2010,"Full Sail Game Development & GDC 2010","fsgamedev.blogspot.ru","http://fsgamedev.blogspot.ru/"
2010,"Файл:Akira Yamaoka - Game Developers Conference 2010...","ru.wikipedia.org›Файл:Akira Yamaoka - Game Developers Conference 2010 -…","https://ru.wikipedia.org/wiki/%D0%A4%D0%B0%D0%B9%D0%BB%3AAkira_Yamaoka_-_Game_Developers_Conference_2010_-_Day_3_%283%29.jpg"
2010,"Game Development | Friday, January 22, 2010","games-development.blogspot.ru","http://games-development.blogspot.ru/"
2010,"Introduction to game development (2010) | GAME","game.speldesign.uu.se›…2d-games…development-2010/","http://game.speldesign.uu.se/projects/2d-games/introduction-to-game-development-2010/"
2010,"game development – Page 4 – Geeks3D","geeks3d.com›tag/game-development/page/4/","http://www.geeks3d.com/tag/game-development/page/4/"
2010,"Distributed Game Development (2010) » SCRiPTMAFiA.ORG","scriptmafia.org›…40719…game-development-2010.html","http://scriptmafia.org/education/40719-distributed-game-development-2010.html"
2010,"The Australian Game Development Industry in 2010","gamespot.com›articles/the…game-development…2010…","http://www.gamespot.com/articles/the-australian-game-development-industry-in-2010/1100-6249507/"
2010,"Разработка игр | Библиотека ТУТ | Форум","smart-torrent.org›develop-game/","http://smart-torrent.org/develop-game/"
2010,"Gamedev в Литве / investlithuania.com","investlithuania.com/gamedevelopment","http://yabs.yandex.ru/count/LRDBVkESMfa40000gQB0022EjDwIYmLIbGAR0Mv3jm8j0OY_PDh71ecqHxYj19W5dQ7xUnMcWmYAjOhAOGVSjv6gk0Yzi9td2mQgBgMYk4e8ZG7T0TwG9FIHlHTkUG-Ny3Z14nRjvnuDZxdNEeK9dx5EGSWAauKDcGL2ZAM9dG6saEQgjP3cgg2jpGi9hwM9dG6pe0Yz0xIGvghPhSqB2TgW2Bq3b93fJgTzgAUm2NoZ0QxdfC0phlCHrR41ih0n0090-UUam3Ekyn7LkQ7xUnN1__________yFmkVFdO_06OBAn075Zm_I__________yFq___________3-u1tuKDxO8zzSRx4EryfFRHVPV8-PnKU240?q=game+development+2010"
2011,"Игры от Phenomic Game Development","big-games.info›dev/Phenomic_Game_Development","http://big-games.info/dev/Phenomic_Game_Development"
2011,"Game Development: начало пути / Хабрахабр","habrahabr.ru›post/223517/","https://habrahabr.ru/post/223517/"
2011,"Файл:Yu Suzuki - Game Developers Conference 2011 - Day...","ru.wikipedia.org›Файл:Yu Suzuki - Game Developers Conference 2011 - Day…","https://ru.wikipedia.org/wiki/%D0%A4%D0%B0%D0%B9%D0%BB:Yu_Suzuki_-_Game_Developers_Conference_2011_-_Day_3.jpg"
2011,"Game Develop - Конструкторы игр - Файлы для игроделов...","gcup.ru›Файлы для игроделов›Game Develop","https://gcup.ru/load/constructors/game_develop/2-1-0-1533"
2011,"Unity 3 Game Development HOTSHOT, 2011 | Forum","forum.cgpersia.com›f80…3-game-development…2011-a…","https://forum.cgpersia.com/f80/unity-3-game-development-hotshot-2011-a-38859/"
2011,"ERIC - Work for Play: Careers in Video Game Development","eric.ed.gov›?id=EJ945968","https://eric.ed.gov/?id=EJ945968"
2011,"Cbc 2 d game arts development nc iii","slideshare.net›mindabguardian…game…development…iii","http://www.slideshare.net/mindabguardian/cbc-2-d-game-arts-development-nc-iii"
2011,"Tutorials about game development","script-tutorials.com›tag/game-development/","https://www.script-tutorials.com/tag/game-development/"
2011,"Game Developers Conference","gdconf.com","http://www.gdconf.com/"
2011,"Entries archive - Android Games Development","anddev.at.ua›news/?page3","http://anddev.at.ua/news/?page3"
2011,"Gamedev в Литве / investlithuania.com","investlithuania.com/gamedevelopment","http://yabs.yandex.ru/count/TBvHowdyyGq40000gQB0022EiEMIYmLIbGAR0Mv3jm8j0OY_PDh71ecqHxYj19W5dQ7xUnMcWmYAjOhAOGVSjv6gk0Yzi9td2mQgBgMYk4e8ZG7T0TwG9FIHi3RHO0kNy7qfcXRjvnuDZxjSELS7dxkvd9e8auKDcGL2ZAHruWAse2qn0RMWBJ41eAtD2mclf7NY0hEW2Bq3jA0jCG7PhSqB2TgW2Bq3b9s7FQT6gAUm2NoZ0QxXSCBH490JrR41ih0n0090-U5mmj4Ga1FLkQ7xUnN1__________yFmlSg5XDf3dqB2CG1nOyFql__________3zF__________m_k0T-53Us2FVNR-0Vf5d02zj4ei2_wd5Hz8G00?q=game+development+date+2011"
2011,"Dunn F., Parberry I. - 3D Math Primer for Graphics and Game...","RuTracker.org›forum/viewtopic.php…","http://RuTracker.org/forum/viewtopic.php?t=3928138"
2011,"game development – Page 2 – Geeks3D","geeks3d.com›tag/game-development/page/2/","http://www.geeks3d.com/tag/game-development/page/2/"
2011,"Скачать Unity Mobile Game Development: User Interface...","torrentino.me›torrent/308383","http://www.torrentino.me/torrent/308383"
2011,"Скачать Steffen Itterheim - Learn cocos2d Game...","torrentino.me›torrent/608885","http://www.torrentino.me/torrent/608885"
2011,"Game Connect 2011: Streamlining Your Games... - YouTube","youtube.com›watch?v=yRcPIU2LS-A","https://www.youtube.com/watch?v=yRcPIU2LS-A"
2011,"Game developer index 2011","dataspelsbranschen.se›…game_developer…2011.pdf","http://www.dataspelsbranschen.se/media/130988/game_developer_index_2011.pdf"
2011,"Game Develop - Конструкторы игр - Файлы для игроделов...","gcup.ru›Файлы для игроделов›Game Develop","https://gcup.ru/load/constructors/game_develop/2-1-0-1533"
2011,"Philippine game development industry 2011","slideshare.net›cstolentino…game-development…2011","http://www.slideshare.net/cstolentino/philippine-game-development-industry-2011"
2011,"Digital-Tutors | Unity Mobile Game Development: Level...","nnmclub.to›forum/viewtopic.php?t=429183","http://nnmclub.to/forum/viewtopic.php?t=429183"
2011,"TheNewBoston - Java Game Development (2011) (repost)","avxhome.se›eBooks›…_Java_Game_Development…","http://avxhome.se/ebooks/TheNewBoston_Java_Game_Development_repost.html"
2011,"Gamedev в Литве / investlithuania.com","investlithuania.com/gamedevelopment","http://yabs.yandex.ru/count/31OBtYMiyXG40000gQB0022ElkkIYmLIbGAR0Mv3jm8j0OY_PDh71ecqHxYj19W5dQ7xUnMcWmYAjOhAOGVSjv6gk0Yzi9td2mQgBgMYk4e8ZG7T0TwG9FIHjvnghmUNy7qfcXRjvnuDZxKw5R47dx0jcjqCauKDcGL2ZA5QgG6saCYljP38hw2jpGi9hw5QgG6pe0Yz0xIGoA_PhSqB2TgW2Bq3b9ydJgTwgAUm2NoZ0QxZj01UQ38LrR41ih0n0090-UEq05veCXNLkQ7xUnN1__________yFml2TUiNnjUri0yG1nOyFql__________3zF__________m_k0T-53Us2FVNCddFXDRJsq0f6cFgSL7aX?q=game+development+2011"
2011,"Dunn F., Parberry I. - 3D Math Primer for Graphics and Game...","RuTracker.org›forum/viewtopic.php…","http://RuTracker.org/forum/viewtopic.php?t=3928138"
2011,"game development – Page 2 – Geeks3D","geeks3d.com›tag/game-development/page/2/","http://www.geeks3d.com/tag/game-development/page/2/"
2011,"Скачать Unity Mobile Game Development: User Interface...","torrentino.me›torrent/308383","http://www.torrentino.me/torrent/308383"
2011,"Скачать Steffen Itterheim - Learn cocos2d Game...","torrentino.me›torrent/608885","http://www.torrentino.me/torrent/608885"
2011,"Game Connect 2011: Streamlining Your Games... - YouTube","youtube.com›watch?v=yRcPIU2LS-A","https://www.youtube.com/watch?v=yRcPIU2LS-A"
2011,"Game developer index 2011","dataspelsbranschen.se›…game_developer…2011.pdf","http://www.dataspelsbranschen.se/media/130988/game_developer_index_2011.pdf"
2011,"Game Develop - Конструкторы игр - Файлы для игроделов...","gcup.ru›Файлы для игроделов›Game Develop","https://gcup.ru/load/constructors/game_develop/2-1-0-1533"
2011,"Philippine game development industry 2011","slideshare.net›cstolentino…game-development…2011","http://www.slideshare.net/cstolentino/philippine-game-development-industry-2011"
2011,"TheNewBoston - Java Game Development (2011) (repost)","avxhome.se›eBooks›…_Java_Game_Development…","http://avxhome.se/ebooks/TheNewBoston_Java_Game_Development_repost.html"
2011,"3. java game development","vitorr.ru›tutorials…for…game-development-2011.html","http://vitorr.ru/tutorials/programming/125515-thenewboston-java-tutorials-for-beginners-intermediate-and-game-development-2011.html"
2011,"Gamedev в Литве / investlithuania.com","investlithuania.com/gamedevelopment","http://yabs.yandex.ru/count/KgbpWfEWnxC40000gQB0022Ej_AIYmLIbGAR0Mv3jm8j0OY_PDh71ecqHxYj19W5dQ7xUnMcWmYAjOhAOGVSjv6gk0Yzi9td2mQgBgMYk4e8ZG7T0TwG9FIHjvnghmUNy7qfcXRjvnuDZxKw5R47dx0jcjqCauKDcGL2ZA5QgG6saCYljP38hw2WG2y9hw5QgG6peAxB0xIGoA_Pe40l2TgWhii3b9ydJgTwgAUm2NoZ0QxaSaBbwS0MrR41ih0n0090-UHoGkNfm1RLkQ7xUnN1__________yFml2TUiNnjUri0yG1nOyFql__________3zF__________m_k0T-53Us2FVNLePTFId82zjHgvllwd5Hw8G00?q=game+development+2011"
2012,"Game Developers Conference","gdconf.com","http://www.gdconf.com/"
2012,"Game Development: начало пути / Хабрахабр","habrahabr.ru›post/223517/","https://habrahabr.ru/post/223517/"
2012,"Monkey saves time for game developers | Computerworld...","archive.is›JBCi","http://archive.is/JBCi"
2012,"Digita Tutors - Unity Mobile Game Development GUI... | Forum","forum.cgpersia.com›f80/digita…game-development…","https://forum.cgpersia.com/f80/digita-tutors-unity-mobile-game-development-gui-functionality-71963/"
2012,"Game Development Training Courses - Microsoft Virtual...","mva.microsoft.com›Game Development","https://mva.microsoft.com/training-topics/game-development"
2012,"Tutorials about game development","script-tutorials.com›tag/game-development/","https://www.script-tutorials.com/tag/game-development/"
2012,"[Updated] Games in Development - HongFire.com | Anime","hongfire.com›forum/forum…game…updated…development","http://www.hongfire.com/forum/forum/hentai-lair/hentai-game-discussion/388999-updated-games-in-development"
2012,"Build Your Own Game, April 2012 - MozillaWiki","wiki.mozilla.org›Build_Your_Own_Game,_April_2012","https://wiki.mozilla.org/Build_Your_Own_Game,_April_2012"
2012,"Game Develop - Конструкторы игр - Файлы для игроделов...","gcup.ru›Файлы для игроделов›Game Develop","https://gcup.ru/load/constructors/game_develop/2-1-0-1533"
2012,"Developer Discussions - Official Cabal Wiki","cabal.gamepedia.com›Developer_Discussions","http://cabal.gamepedia.com/Developer_Discussions"
2012,"Gamedev в Литве / investlithuania.com","investlithuania.com/gamedevelopment","http://yabs.yandex.ru/count/M9FTtQFdEu440000gQB0022ElFcIYmLIbGAR0Mv3jm8j0OY_PDh71ecqHxYj19W5dQ7xUnMcWmYAjOhAOGVSjv6gk0Yzi9td2mQgBgMYk4e8ZG7T0TwG9FIHk-n9dG-Ny3Z14nRjvnuDZwKZfIYVlowZ-WwJXGsP1KACf-l40hQW-2G1jQ3u906We40l2Q-dwyG2iw2komEqeFWa0TcWG2y9sg2komEKaue-fqYefx09VAC1hk33m4LcWXZLiG6oi3400a3vuCF0HMQ26DMveVjx5S7__________m_2-E9iSgiM3Pe7n075Zm_I__________yFq___________3-u1tuKDxO8zzSNwfgq4m_RUWKLi-vnKUo40?q=game+development+date+2012"
2012,"Gamedev в Литве / investlithuania.com","investlithuania.com/gamedevelopment","http://yabs.yandex.ru/count/VOaw0o8ip3q40000gQB0022Ekm2JYmLIbG6R0cv3jm4aYBzasiS6YRH7kAq4c0MTeVjx5QQ328grYifX1zotaQgu2BsmdUSB1gekfQAuIWYD0Tq1tf0az96yHl9I0vVmEC4J5ktd7WsFiILT-0-VjO4120cJXGsP1KACgLHg1hQWjgO2jQ2sfWAWe40l2Q-fL6e6iw2komEqeBQc0jcWG2y9sg2komEKdUy4fvO20gYdi0byem6am0000Bi1hkIym8D79nhLiG6oi3000a3vvBp0WqSd6jMveVjx5S7__________m_2yR1TOfslv7q9n075Zm_I__________yFq___________3-u1tuKDxO8zzSipbvr9lFRPp7tL-vnKV280?q=game+development+2012"
2012,"WebGL For Game Development 2012","slideshare.net›auradeluxe…game-development-2012","http://www.slideshare.net/auradeluxe/webgl-for-game-development-2012"
2012,"Freeman J. - Introducing HTML5 Game Development [2012...]","RuTracker.org›forum/viewtopic.php…","http://RuTracker.org/forum/viewtopic.php?t=4061827"
2012,"Games in Development 2012-2013 - YouTube","youtube.com›watch?v=AH_Pk19513E","https://www.youtube.com/watch?v=AH_Pk19513E"
2012,"Jesse Freeman - Introducing HTML5 Game Development...","torrentino.me›torrent/916472","http://www.torrentino.me/torrent/916472"
2012,"Game Development: начало пути / Хабрахабр","habrahabr.ru›post/223517/","https://habrahabr.ru/post/223517/"
2012,"Freeman J. - Introducing HTML5 Game Development [2012...]","rutracker-pro.ru›viewtopic.php?t=351381","http://rutracker-pro.ru/viewtopic.php?t=351381"
2012,"Разработка игр | Библиотека ТУТ | Форум","smart-torrent.org›develop-game/","http://smart-torrent.org/develop-game/"
2012,"Game Developers Conference","gdconf.com","http://www.gdconf.com/"
2012,"Tutorials about game development","script-tutorials.com›tag/game-development/","https://www.script-tutorials.com/tag/game-development/"
2012,"Gamasutra - The top 10 game developers of 2012","gamasutra.com›view/news…game_developers…2012.php","http://www.gamasutra.com/view/news/183402/The_top_10_game_developers_of_2012.php"
2012,"WebGL For Game Development 2012","slideshare.net›auradeluxe…game-development-2012","http://www.slideshare.net/auradeluxe/webgl-for-game-development-2012"
2012,"Freeman J. - Introducing HTML5 Game Development [2012...]","RuTracker.org›forum/viewtopic.php…","http://RuTracker.org/forum/viewtopic.php?t=4061827"
2012,"Games in Development 2012-2013 - YouTube","youtube.com›watch?v=AH_Pk19513E","https://www.youtube.com/watch?v=AH_Pk19513E"
2012,"Скачать HTML5 Game Development Tutorial 2012...","torrentino.me›torrent/251457","http://www.torrentino.me/torrent/251457"
2012,"Game Development: начало пути / Хабрахабр","habrahabr.ru›post/223517/","https://habrahabr.ru/post/223517/"
2012,"Freeman J. - Introducing HTML5 Game Development [2012...]","rutracker-pro.ru›viewtopic.php?t=351381","http://rutracker-pro.ru/viewtopic.php?t=351381"
2012,"Разработка игр | Библиотека ТУТ | Форум","smart-torrent.org›develop-game/","http://smart-torrent.org/develop-game/"
2012,"Game Developers Conference","gdconf.com","http://www.gdconf.com/"
2012,"Tutorials about game development","script-tutorials.com›tag/game-development/","https://www.script-tutorials.com/tag/game-development/"
2012,"Game developer index 2012","dataspelsbranschen.se›…gamedeveloperindex_2012.pdf","http://www.dataspelsbranschen.se/media/134723/gamedeveloperindex_2012.pdf"
2012,"Gamedev в Литве / investlithuania.com","investlithuania.com/gamedevelopment","http://yabs.yandex.ru/count/6VQQIQdSeWa40000gQB0022ElWUJYmLIbGAR0Mv3jm8j0OY_PDh71ecqHxYj19W5dQ7xUnMcWmYAjOhAOGVSjv6gk0Yzi9td2mQgBgMYk4e8ZG7T0TwG9FIHl4RoKWENy7qfcXRjvnuDZx4bNVWFdxM10GW9auKDcGL2ZAJGYm6sa9EZjP2Jew2WG2y9hwJGYm6peAxB0xIGawFPe40l2TgWhii3b9mRKAU22AYdi0byem6kuRR0Gt_T6zMn0RAmCG02GFdXji13VzqRrRcX-tiLmV__________3yBni5rYdQ_aVGd40SMF3zB__________m_J__________yFxW7VXGtjWZtrpX3w6Xkszjp22qFyd5Hw8G00?q=game+development+2012"
2013,"Game Developer - скачать русскую версию","small-games.info›?go=game&c=79&i=12593","http://small-games.info/?go=game&c=79&i=12593"
2013,"Game Develop - Конструкторы игр - Файлы для игроделов...","gcup.ru›Файлы для игроделов›Game Develop","https://gcup.ru/load/constructors/game_develop/2-1-0-1533"
2013,"Game Development: начало пути / Хабрахабр","habrahabr.ru›post/223517/","https://habrahabr.ru/post/223517/"
2013,"Game Developers Conference","gdconf.com","http://www.gdconf.com/"
2013,"2013 PC Game List - System Requirements and System Specs","game-debate.com›2016 Games›2013 Games","http://www.game-debate.com/games/?year=2013"
2013,"Learn Unity 4 for iOS Game Development (June 2013) | Forum","forum.cgpersia.com›f80…game-development-june-2013…","https://forum.cgpersia.com/f80/learn-unity-4-ios-game-development-june-2013-a-79003/"
2013,"The best RPGs of all time | PC Gamer","pcgamer.com›PC Gamer","http://www.pcgamer.com/best-rpgs-of-all-time/"
2013,"Game Engines, Game Development & Others | Forum","forum.cgpersia.com›f27/game…game-development…","https://forum.cgpersia.com/f27/game-engines-game-development-others-78826/"
2013,"Web Development - Free eBooks Download","ebook3000.com›Web_Development/list_13_51.html","http://www.ebook3000.com/Web_Development/list_13_51.html"
2013,"[Pluralsight] Introduction to Game Development with Unity...","RuTracker.org›forum/viewtopic.php…","http://RuTracker.org/forum/viewtopic.php?t=4606467"
2013,"Gamedev в Литве / investlithuania.com","investlithuania.com/gamedevelopment","http://yabs.yandex.ru/count/6pQUXaDes3K40000gQB0022ElWwJYmLIbGAR0Mv3jm8j0OY_PDh71ecqHxYj19W5dQ7xUnMcWmYAjOhAOGVSjv6gk0Yzi9td2mQgBgMYk4e8ZG7T0TwG9FIHl0cGzWANy7qfcXRjvnuDZxXjUGGDdxfqE8a4auKDcGL2ZAiQkGAse1OW0RMW5Y01eA10Bmclgngv0hEWhii3jA0M807Pe40l2TgWhii3b9eKFwTAgAUm2NoZ0QxWS4BbpueTrR41ih0n0090-U1mGkNFYXtLkQ7xUnN1__________yFmlZE_7vX8Za51yG1nOyFql__________3zF__________m_k0T-53Us2FVNHKUkx0702zjZfNwxyd5Hz8G00?q=game+development+date+2013"
2013,"Gamedev в Литве / investlithuania.com","investlithuania.com/gamedevelopment","http://yabs.yandex.ru/count/JTtsmDMdLFS40000gQB0022EjXMJYmLIbG6R0cv3jm4aYBzasiS6YRH7kAq4c0MTeVjx5QQ328grYifX1zotaQgu2BsmdUSB1gekfQAuIWYD0Tq1tf0az96xeoiv3fVmVIcQ5ktd7WsFkw85XmYVjMS4jmEJXGsP1KAChuwR2BQWfOu3jQ2bZWEWe40l2Q-lZfi8iw2komEqeAME0zcWG2y9sg2komEKaru5fv9w0QYdi0byem6kx772bTaL7zMn0RAmC002GFdiSSALsHKVrRcX-tiLmV__________3yBmVC73cTaVwmR40SMF3zB__________m_J__________yFxW7VXGtjWZtrq7YpAi5n0lRTLo8H_PnKVY40?q=game+development+2013"
2013,"John P. Doran - Mastering UDK Game Development [2013...]","RuTracker.org›forum/viewtopic.php…","http://RuTracker.org/forum/viewtopic.php?t=4545610"
2013,"2013 Game Development Timeline | survarium.com","survarium.com›News›2013-game-development…","https://survarium.com/en/news/2013-game-development-timeline"
2013,"Game Developer - скачать русскую версию","small-games.info›?go=game&c=79&i=12593","http://small-games.info/?go=game&c=79&i=12593"
2013,"Google I/O 2013 - Advanced Game Development Topics","youtube.com›watch?v=L9vI0w263Xk","https://www.youtube.com/watch?v=L9vI0w263Xk"
2013,"9 Tips for Indie Game Developers I Learned at GDC 2013","gamedevelopment.tutsplus.com›articles…developers…","https://gamedevelopment.tutsplus.com/articles/9-tips-for-indie-game-developers-i-learned-at-gdc-2013--gamedev-6591"
2013,"Скачать Technology in Action - Alan Thorn - Learn Unity...","torrentino.me›torrent/763824","http://www.torrentino.me/torrent/763824"
2013,"7 Best Game Programming Books To Be Awesome Video...","fromdev.com›2013/07/game-development-books.html","http://www.fromdev.com/2013/07/game-development-books.html"
2013,"Game Develop - Конструкторы игр - Файлы для игроделов...","gcup.ru›Файлы для игроделов›Game Develop","https://gcup.ru/load/constructors/game_develop/2-1-0-1533"
2013,"Game Development | Visual Studio","visualstudio.com›vs/game-development/","https://www.visualstudio.com/vs/game-development/"
2013,"2013 Top 50 Schools in the US for Game Design...","animationcareerreview.com›articles…top…development","http://www.animationcareerreview.com/articles/2013-top-50-schools-us-game-design-and-development"
2013,"Gamedev в Литве / investlithuania.com","investlithuania.com/gamedevelopment","http://yabs.yandex.ru/count/PwaLcl2ETdC40000gQB0022EknoJYmLIbG6R0cv3jm4aYBzasiS6YRH7kAq4c0MTeVjx5QQ328grYifX1zotaQgu2BsmdUSB1gekfQAuIWYD0Tq1tf0az96xeoiv3fVmEC4J5ktd7WsFkw85XmYVjMS4jmEJXGsP1KAChT7A2BQWBQ83jQ0jeWEWe40l2Q-jqSe8iw2komEqe2sY0zcWG2y9sg2komEKati5fvrk0QYnG5bp1wC1hkMYm3hKrI3LiG6oi3000a3vvQB0EjJL8DMveVjx5S7__________m_2y7p1mvdP7-i6n075Zm_I__________yFq___________3-u1tuKDxO8zzSpNt49PelRN_221_PnKVY40?q=game+development+2013"
2013,"Shaun Mitchell - SDL Game Development [2013, PDF, ENG]...","RuTracker.org›forum/viewtopic.php…","http://RuTracker.org/forum/viewtopic.php?t=5179462"
2013,"2013 Game Development Timeline | survarium.com","survarium.com›News›2013-game-development…","https://survarium.com/en/news/2013-game-development-timeline"
2013,"Google I/O 2013 - Advanced Game Development Topics","youtube.com›watch?v=L9vI0w263Xk","https://www.youtube.com/watch?v=L9vI0w263Xk"
2013,"Game Developer - скачать русскую версию","small-games.info›?go=game&c=79&i=12593","http://small-games.info/?go=game&c=79&i=12593"
2013,"9 Tips for Indie Game Developers I Learned at GDC 2013","gamedevelopment.tutsplus.com›articles…developers…","https://gamedevelopment.tutsplus.com/articles/9-tips-for-indie-game-developers-i-learned-at-gdc-2013--gamedev-6591"
2013,"Скачать Technology in Action - Alan Thorn - Learn Unity...","torrentino.me›torrent/763824","http://www.torrentino.me/torrent/763824"
2013,"7 Best Game Programming Books To Be Awesome Video...","fromdev.com›2013/07/game-development-books.html","http://www.fromdev.com/2013/07/game-development-books.html"
2013,"Game Develop - Конструкторы игр - Файлы для игроделов...","gcup.ru›Файлы для игроделов›Game Develop","https://gcup.ru/load/constructors/game_develop/2-1-0-1533"
2013,"2013 Top 50 Schools in the US for Game Design...","animationcareerreview.com›articles…top…development","http://www.animationcareerreview.com/articles/2013-top-50-schools-us-game-design-and-development"
2013,"Game Developers Conference","gdconf.com","http://www.gdconf.com/"
2014,"Game Development: начало пути / Хабрахабр","habrahabr.ru›post/223517/","https://habrahabr.ru/post/223517/"
2014,"Книги  | LibGDX | ВКонтакте","vk.com›topic-44557600_29481631","https://vk.com/topic-44557600_29481631"
2014,"Game Developer - скачать русскую версию","small-games.info›?go=game&c=79&i=12593","http://small-games.info/?go=game&c=79&i=12593"
2014,"Game Develop - Конструкторы игр - Файлы для игроделов...","gcup.ru›Файлы для игроделов›Game Develop","https://gcup.ru/load/constructors/game_develop/2-1-0-1533"
2014,"The best RPGs of all time | PC Gamer","pcgamer.com›PC Gamer","http://www.pcgamer.com/best-rpgs-of-all-time/"
2014,"Game Developers Conference","gdconf.com","http://www.gdconf.com/"
2014,"The Game Awards 2014 - Wikipedia","en.wikipedia.org›The Game Awards 2014","https://en.wikipedia.org/wiki/The_Game_Awards_2014"
2014,"Победители Game Developers Choice Awards 2014 - Блоги...","PlayGround.ru›blogs/other…game_developers…2014…","http://www.PlayGround.ru/blogs/other/pobediteli_game_developers_choice_awards_2014-95857/"
2014,"Dave Calabrese - Unity 2D Game Development","scanlibs.com›unity-2d-game-development/","http://scanlibs.com/unity-2d-game-development/"
2014,"Unity Game Development Blueprints 2014 | Forum","forum.cgpersia.com›f80…game-development…2014-a…","https://forum.cgpersia.com/f80/unity-game-development-blueprints-2014-a-107966/"
2014,"Gamedev в Литве / investlithuania.com","investlithuania.com/gamedevelopment","http://yabs.yandex.ru/count/QiSh-G1s7he40000gQB0022El2EJYmLIbGAR0Mv3jm8j0OY_PDh71ecqHxYj19W5dQ7xUnMcWmYAjOhAOGVSjv6gk0Yzi9td2mQgBgMYk4e8ZG7T0TwG9FIHiuj9gGUNy3Z14nRjvnuDZxeKfBmBdxDLgkCCauKDcGL2ZA43lmAse8SY0RMWXo81eA10BmcleGE_0hEWhii3jA278W7Pe40l2TgWhii3b93vFgT9gAUm2NoZ0Qxemi05BOKYrR41ih0n0090-UZ2m0KjXIBLkQ7xUnN1__________yFmlT5ON6pBuHh3SG1nOyFql__________3zF__________m_k0T-53Us2FVNFM42bXSBsqZBtxFsSL7mX?q=game+development+date+2014"
2014,"Gamedev в Литве / investlithuania.com","investlithuania.com/gamedevelopment","http://yabs.yandex.ru/count/KJ5FGKtUyva40000gQB0022Ej2kJYmLIbG6R0cv3jm4aYBzasiS6YRH7kAq4c0MTeVjx5QQ328grYifX1zotaQgu2BsmdUSB1gekfQAuIWYD0Tq1tf0az96q8V9c2vVmEC4J5ktd7WsFlHxHNWkVj2MudW6JXGsP1KACfZ2p2BQWQPW3jQ1fc0EWe40l2Q-cCBC8iw2komEqe6cO0zcWG2y9sg2komEKduK5fvPr0QYdi0byem6kwCB0ESLF9DMn0RAmC002GFdemi0vnKyarRcX-tiLmV__________3yBuHS3kDDNuIGF40SMF3zB__________m_J__________yFxW7VXGtjWZtrm74rku72zjz0dL_-d5Hz8G00?q=game+development+2014"
2014,"Dave Calabrese - Unity 2D Game Development [2014, PDF...]","RuTracker.org›forum/viewtopic.php…","http://RuTracker.org/forum/viewtopic.php?t=4793938"
2014,"Game Development: начало пути / Хабрахабр","habrahabr.ru›post/223517/","https://habrahabr.ru/post/223517/"
2014,"Reloaded Games at Game Developers Conference 2014...","youtube.com›watch?v=Lm_cxiJWYNM","https://www.youtube.com/watch?v=Lm_cxiJWYNM"
2014,"The top 16 game engines for 2014 | Game Development...","develop-online.net›tools-and-tech/the…game…2014…","http://www.develop-online.net/tools-and-tech/the-top-16-game-engines-for-2014/0192302"
2014,"Top game development platforms of 2014 | Doyu Games","doyugames.com›blog/top-game-development…2014/","http://www.doyugames.com/blog/top-game-development-platforms-2014/"
2014,"Победители Game Developers Choice Awards 2014 - Блоги...","PlayGround.ru›blogs/other…game_developers…2014…","http://www.PlayGround.ru/blogs/other/pobediteli_game_developers_choice_awards_2014-95857/"
2014,"Gamasutra - The Top 10 Game Developers of 2014","gamasutra.com›view/news…Game_Developers…2014.php","http://www.gamasutra.com/view/news/232070/The_Top_10_Game_Developers_of_2014.php"
2014,"Unity Books Collection","gfx-hub.com›Журналы›Unity Books Collection","http://gfx-hub.com/books/1840-unity-books-collection.html"
2014,"Game Developer - скачать русскую версию","small-games.info›?go=game&c=79&i=12593","http://small-games.info/?go=game&c=79&i=12593"
2014,"Скачать Unity 2D Game Development - Dave Calabrese","padabum.com›d.php?id=121042","http://padabum.com/d.php?id=121042"
2014,"Gamedev в Литве / investlithuania.com","investlithuania.com/gamedevelopment","http://yabs.yandex.ru/count/DtUet-KS0LO40000gQB0022EiZAJYmLIbG6R0cv3jm4aYBzasiS6YRH7kAq4c0MTeVjx5QQ328grYifX1zotaQgu2BsmdUSB1gekfQAuIWYD0Tq1tf0az96q8V9c2vVmVIcQ5ktd7WsFlHxHNWkVj2MudW6JXGsP1KACfNUX2BQW5f43jQ0MaGEWe40l2Q-bTw48iw2komEqe1QH0zcWG2y9sg2komEKaw05fvfs0QYdi0byem6kvN22r7_p9TMn0RAmC002GFdbS8BKV_CbrRcX-tiLmV__________3yBuHS3kDDNuIGF40SMF3zB__________m_J__________yFxW7VXGtjWZtrr1tSUrnm0lRPvul8_fnKVY40?q=game+development+2014"
2014,"Dave Calabrese - Unity 2D Game Development [2014, PDF...]","RuTracker.org›forum/viewtopic.php…","http://RuTracker.org/forum/viewtopic.php?t=4793938"
2014,"Game Development: начало пути / Хабрахабр","habrahabr.ru›post/223517/","https://habrahabr.ru/post/223517/"
2014,"YoYo Games at Game Developers Conference 2014...","youtube.com›watch?v=o4snulGp-ko","https://www.youtube.com/watch?v=o4snulGp-ko"
2014,"Победители Game Developers Choice Awards 2014 - Блоги...","PlayGround.ru›blogs/other…game_developers…2014…","http://www.PlayGround.ru/blogs/other/pobediteli_game_developers_choice_awards_2014-95857/"
2014,"The top 16 game engines for 2014 | Game Development...","develop-online.net›tools-and-tech/the…game…2014…","http://www.develop-online.net/tools-and-tech/the-top-16-game-engines-for-2014/0192302"
2014,"Top game development platforms of 2014 | Doyu Games","doyugames.com›blog/top-game-development…2014/","http://www.doyugames.com/blog/top-game-development-platforms-2014/"
2014,"Unity Books Collection","gfx-hub.com›Журналы›Unity Books Collection","http://gfx-hub.com/books/1840-unity-books-collection.html"
2014,"Gamasutra - The Top 10 Game Developers of 2014","gamasutra.com›view/news…Game_Developers…2014.php","http://www.gamasutra.com/view/news/232070/The_Top_10_Game_Developers_of_2014.php"
2014,"Game developer index 2014","dataspelsbranschen.se›…game_developer…2014.pdf","http://www.dataspelsbranschen.se/media/150924/game_developer_index_2014.pdf"
2014,"Game Developer - скачать русскую версию","small-games.info›?go=game&c=79&i=12593","http://small-games.info/?go=game&c=79&i=12593"
2015,"Книги  | LibGDX | ВКонтакте","vk.com›topic-44557600_29481631","https://vk.com/topic-44557600_29481631"
2015,"Game Developers Conference","gdconf.com","http://www.gdconf.com/"
2015,"Gamasutra - The Top 10 Game Developers of 2015","gamasutra.com›view/news…Game_Developers…2015.php","http://www.gamasutra.com/view/news/261294/The_Top_10_Game_Developers_of_2015.php"
2015,"Game Developer - скачать русскую версию","small-games.info›?go=game&c=79&i=12593","http://small-games.info/?go=game&c=79&i=12593"
2015,"The Game Awards 2015 - Wikipedia","en.wikipedia.org›The Game Awards 2015","https://en.wikipedia.org/wiki/The_Game_Awards_2015"
2015,"Valve сделала ряд важных анонсов на Game Developers...","riotpixels.com›valve-sdelala…game-developers…2015/","http://riotpixels.com/valve-sdelala-ryad-vazhnyh-anonsov-na-game-developers-conference-2015/"
2015,"Game Development Training Courses - Microsoft Virtual...","mva.microsoft.com›Game Development","https://mva.microsoft.com/training-topics/game-development"
2015,"Game Develop - Конструкторы игр - Файлы для игроделов...","gcup.ru›Файлы для игроделов›Game Develop","https://gcup.ru/load/constructors/game_develop/2-1-0-1533"
2015,"Game Development: начало пути / Хабрахабр","habrahabr.ru›post/223517/","https://habrahabr.ru/post/223517/"
2015,"Games/Development - Debian Wiki","archive.is›mDylQ","http://archive.is/mDylQ"
2015,"Gamedev в Литве / investlithuania.com","investlithuania.com/gamedevelopment","http://yabs.yandex.ru/count/IdqUn_bOfDm40000gQB0022EkpcJYmLIbGAR0Mv3jm8j0OY_PDh71ecqHxYj19W5dQ7xUnMcWmYAjOhAOGVSjv6gk0Yzi9td2mQgBgMYk4e8ZG7T0TwG9FIHjr3bmmwNy3Z14nRjvnuDZxHCqFSFdxWZgUi3auKDcGL2ZAYarWAse4ii0RMWIom1eA10BmclgAJM0hEWhii3jA1BB07Pe40l2TgWhii3b9txFQT7gAUm2NoZ0Qxemy0rGxudrR41ih0n0090-UZ3m3L3lYVLkQ7xUnN1__________yFml5WJq9uZSCn1iG1nOyFql__________3zF__________m_k0T-53Us2FVN6Wg67WSFsrC4yE_-SL7mX?q=game+development+date+2015"
2015,"Gamedev в Литве / investlithuania.com","investlithuania.com/gamedevelopment","http://yabs.yandex.ru/count/PW11TTtxhEu40000gQB0022EjK6JYmLIbG6R0cv3jm4aYBzasiS6YRH7kAq4c0MTeVjx5QQ328grYifX1zotaQgu2BsmdUSB1gekfQAuIWYD0Tq1tf0az96m-buC0fVmLyV14Utd7WsFlA5DwWMVk_1j8GUJXGsP1KACe40l2RQWhii3jQ2komEWe40l2Q-WG2y9iw2komEqeAxB0zcWG2y9sg2komEKddy5fvvZ0QYdi0byem6kuBu0VxAHATMn0RAmC002GFdWlW1_if4frRcX-tiLmV__________3yBvHA1eITixj0B40SMF3zB__________m_J__________yFxW7VXGtjWZtrp18XHGA-zjMK6B3_d5Hz8G00?q=game+development+2015"
2015,"Game Developers of 2015 - YouTube","youtube.com›channel/UCsWPR2OilXdsYE9KoJ-FecA","https://www.youtube.com/channel/UCsWPR2OilXdsYE9KoJ-FecA"
2015,"Gamasutra - The Top 10 Game Developers of 2015","gamasutra.com›view/news…Game_Developers…2015.php","http://www.gamasutra.com/view/news/261294/The_Top_10_Game_Developers_of_2015.php"
2015,"Game developer index 2015","swedishgamesindustry.com›media…gamedeveloperindex…","http://www.swedishgamesindustry.com/media/152276/gamedeveloperindex%202015.pdf"
2015,"Raul Portales - Mastering Android Game Development [2015...]","RuTracker.org›forum/viewtopic.php…","http://RuTracker.org/forum/viewtopic.php?t=5037401"
2015,"Game Developers Conference","gdconf.com","http://www.gdconf.com/"
2015,"Введение в Игрострой - Michigan State University | Coursera","coursera.org›Search›game-development","https://www.coursera.org/learn/game-development"
2015,"Game Development | Visual Studio","visualstudio.com›vs/game-development/","https://www.visualstudio.com/vs/game-development/"
2015,"Тег: ""Game Development-2015""","ru.sputnik.md›tags/event_Game_Development-2015/","https://ru.sputnik.md/tags/event_Game_Development-2015/"
2015,"Книги  | LibGDX | ВКонтакте","vk.com›topic-44557600_29481631","https://vk.com/topic-44557600_29481631"
2015,"Скачать Emanuele Feronato - Learning Cocos2d-JS Game...","torrentino.me›torrent/1088480","http://www.torrentino.me/torrent/1088480"
2015,"Gamedev в Литве / investlithuania.com","investlithuania.com/gamedevelopment","http://yabs.yandex.ru/count/I4JJ96viG_a40000gQB0022ElKUJYmLIbG6R0cv3jm4aYBzasiS6YRH7kAq4c0MTeVjx5QQ328grYifX1zotaQgu2BsmdUSB1gekfQAuIWYD0Tq1tf0az96m-buC0fVmEC4J5ktd7WsFlA5DwWMVk_1j8GUJXGsP1KACheOT2RQWMyG3jQ1Rn0EWe40l2Q-kXXq9iw2komEqe5l40zcWG2y9sg2komEKaPe5fv5b0QYdi0byem6kvQG0RuKSAzMn0RAmC002GFdbf01lXHmhrRcX-tiLmV__________3yBvHA1eITixj0B40SMF3zB__________m_J__________yFxW7VXGtjWZtrp7ABELAazjfGpH80dLHz8G00?q=game+development+2015"
2015,"Game Developers of 2015 - YouTube","youtube.com›channel/UCsWPR2OilXdsYE9KoJ-FecA","https://www.youtube.com/channel/UCsWPR2OilXdsYE9KoJ-FecA"
2015,"Game developer index 2015","swedishgamesindustry.com›media…gamedeveloperindex…","http://www.swedishgamesindustry.com/media/152276/gamedeveloperindex%202015.pdf"
2015,"Gamasutra - The Top 10 Game Developers of 2015","gamasutra.com›view/news…Game_Developers…2015.php","http://www.gamasutra.com/view/news/261294/The_Top_10_Game_Developers_of_2015.php"
2015,"Raul Portales - Mastering Android Game Development [2015...]","RuTracker.org›forum/viewtopic.php…","http://RuTracker.org/forum/viewtopic.php?t=5037401"
2015,"Введение в Игрострой - Michigan State University | Coursera","coursera.org›Search›game-development","https://www.coursera.org/learn/game-development"
2015,"Game Developers Conference","gdconf.com","http://www.gdconf.com/"
2015,"Тег: ""Game Development-2015""","ru.sputnik.md›tags/event_Game_Development-2015/","https://ru.sputnik.md/tags/event_Game_Development-2015/"
2015,"Книги  | LibGDX | ВКонтакте","vk.com›topic-44557600_29481631","https://vk.com/topic-44557600_29481631"
2015,"Game Development | Visual Studio","visualstudio.com›vs/game-development/","https://www.visualstudio.com/vs/game-development/"
2015,"Скачать Emanuele Feronato - Learning Cocos2d-JS Game...","torrentino.me›torrent/1088480","http://www.torrentino.me/torrent/1088480"
2016,"Что мы ожидаем от Game Developers Conference 2016...","PlayGround.ru›blogs/other…my…game_developers…2016…","http://www.PlayGround.ru/blogs/other/chto_my_ozhidaem_ot_game_developers_conference_2016-184736/"
2016,"Guide to the games of 2016 | PC Gamer","pcgamer.com›best-pc-games-2016/2/","http://www.pcgamer.com/best-pc-games-2016/2/"
2016,"Top 30 Most Anticipated Upcoming Games of 2016","nerdmuch.com›games/1638/top-best…games…2016-game…","https://www.nerdmuch.com/games/1638/top-best-most-anticipated-upcoming-games-of-2016-game-releases/"
2016,"West Game Development Forum 2016 | ВКонтакте","vk.com›westgamedevelopmentforum","https://vk.com/westgamedevelopmentforum"
2016,"West Game Development Forum - Международная...","wgdevforum.net","http://wgdevforum.net/"
2016,"How a First-time Developer Created Stardew Valley...","vulture.com›2016/03/first-time-developer-made…","http://www.vulture.com/2016/03/first-time-developer-made-stardew-valley.html"
2016,"[Udemy] The Complete Mobile Game Development Course...","RuTracker.org›forum/viewtopic.php…","http://RuTracker.org/forum/viewtopic.php?t=5320374"
2016,"A Day in A Dating Sim by LR14 Game Development...","gamejolt.com›games/a-day-in-a-dating-sim/143694","http://gamejolt.com/games/a-day-in-a-dating-sim/143694"
2016,"Книги  | LibGDX | ВКонтакте","vk.com›topic-44557600_29481631","https://vk.com/topic-44557600_29481631"
2016,"List of video games in development - Wikipedia","en.wikipedia.org›List of video games in development","https://en.wikipedia.org/wiki/List_of_video_games_in_development"
2016,"Gamedev в Литве / investlithuania.com","investlithuania.com/gamedevelopment","http://yabs.yandex.ru/count/24T1vNPtWXq40000gQB0022EkawJYmLIbGAR0Mv3jm8j0OY_PDh71ecqHxYj19W5dQ7xUnMcWmYAjOhAOGVSjv6gk0Yzi9td2mQgBgMYk4e8ZG7T0TwG9FIHj-Ly-0ANy3Z14nRjvnuDZwAAnO2Vi6mWHG6JXGsP1KACf-l40hQW-2G1jQ3u906We40l2Q-dwyG2iw2komEqeFWa0TcWG2y9sg2komEKcP4-fqYefx09VAC1hkcY0CN5kopLiG6oi3400a3vwQ80nSMxBDMveVjx5S7__________m_2-UXnJHtdyLa8n075Zm_I__________yFq___________3-u1tuKDxO8zzSpCmcITelRNOvrw09rKUo40?q=game+development+date+2016"
2016,"Gamedev в Литве / investlithuania.com","investlithuania.com/gamedevelopment","http://yabs.yandex.ru/count/OoRgWLwHCV840000gQB0022Ei5QJYmLIbG6R0cv3jm4aYBzasiS6YRH7kAq4c0MTeVjx5QQ328grYifX1zotaQgu2BsmdUSB1gekfQAuIWYD0Tq1tf0az96mJySt3fVmVIcQ5ktd7WsFjDmLFGkVll0SxWoJXGsP1KACfC9E2BQWw6u3jQ3eRWEWe40l2Q-amau8iw2komEqeEXk0zcWG2y9sg2komEKbkW5fvs30QYdi0byem6kwd72GoT-BjMn0RAmC002GFdgSS939tukrRcX-tiLmV__________3yBwOz9mFdgKxGZ40SMF3zB__________m_J__________yFxW7VXGtjWZtrr4US9wbn0lRTnJNh09rKVY40?q=game+development+2016"
2016,"West Game Development Forum 2016 | ВКонтакте","vk.com›westgamedevelopmentforum","https://vk.com/westgamedevelopmentforum"
2016,"West Game Development Forum - Международная...","wgdevforum.net","http://wgdevforum.net/"
2016,"5 Game Development And Marketing Trends In 2016","wpeka.com›game-development-marketing…2016.html","https://www.wpeka.com/game-development-marketing-trends-2016.html"
2016,"Что мы ожидаем от Game Developers Conference 2016...","PlayGround.ru›blogs/other…my…game_developers…2016…","http://www.PlayGround.ru/blogs/other/chto_my_ozhidaem_ot_game_developers_conference_2016-184736/"
2016,"Free Game Development Resources 2016 Edition - YouTube","youtube.com›watch?v=vL1cJhCb6sk","https://www.youtube.com/watch?v=vL1cJhCb6sk"
2016,"[Udemy] PhaserJS Game Development [2016, ENG]... | Форум","RuTracker.org›forum/viewtopic.php…","http://RuTracker.org/forum/viewtopic.php?t=5183744"
2016,"Game Developers Session 2016","gdsession.com","http://www.gdsession.com/"
2016,"2016 Intel Level Up Game Developer Contest","software.intel.com›sites/campaigns/levelup2016/","https://software.intel.com/sites/campaigns/levelup2016/"
2016,"Top 50 mobile game developers of 2016","pocketgamer.biz›list/62773…game-developers…2016/","http://www.pocketgamer.biz/list/62773/top-50-mobile-game-developers-of-2016/"
2016,"Men of Game Development 2016 Calendar – No Goblin","nogoblinstore.com›products…game-development-2016…","https://nogoblinstore.com/products/pre-order-men-of-game-development-2016-calendar"
2016,"Gamedev в Литве / investlithuania.com","investlithuania.com/gamedevelopment","http://yabs.yandex.ru/count/IgiQdflyIEu40000gQB0022Ei5sJYmLIbG6R0cv3jm4aYBzasiS6YRH7kAq4c0MTeVjx5QQ328grYifX1zotaQgu2BsmdUSB1gekfQAuIWYD0Tq1tf0az96mJySt3fVmLyV14Utd7WsFjDmLFGkVll0SxWoJXGsP1KACeWaz2BQWbMS3jQ2LPmEWe40l2Q-Y2Jq8iw2komEqe9Ld0zcWG2y9sg2komEKcW86fvA50QYdi0byem6kuCM0uYiiCDMn0RAmC002GFdWnO3YAommrRcX-tiLmV__________3yBwOz9mFdgKxGZ40SMF3zB__________m_J__________yFxW7VXGtjWZtrp32DaWl5zjJgjbO1dLHz8G00?q=game+development+2016"
2016,"West Game Development Forum 2016 | ВКонтакте","vk.com›westgamedevelopmentforum","https://vk.com/westgamedevelopmentforum"
2016,"West Game Development Forum - Международная...","wgdevforum.net","http://wgdevforum.net/"
2016,"5 Game Development And Marketing Trends In 2016","wpeka.com›game-development-marketing…2016.html","https://www.wpeka.com/game-development-marketing-trends-2016.html"
2016,"Что мы ожидаем от Game Developers Conference 2016...","PlayGround.ru›blogs/other…my…game_developers…2016…","http://www.PlayGround.ru/blogs/other/chto_my_ozhidaem_ot_game_developers_conference_2016-184736/"
2016,"Free Game Development Resources 2016 Edition - YouTube","youtube.com›watch?v=vL1cJhCb6sk","https://www.youtube.com/watch?v=vL1cJhCb6sk"
2016,"[Udemy] PhaserJS Game Development [2016, ENG]... | Форум","RuTracker.org›forum/viewtopic.php…","http://RuTracker.org/forum/viewtopic.php?t=5183744"
2016,"Game Developers Session 2016","gdsession.com","http://www.gdsession.com/"
2016,"2016 Intel Level Up Game Developer Contest","software.intel.com›sites/campaigns/levelup2016/","https://software.intel.com/sites/campaigns/levelup2016/"
2016,"Men of Game Development 2016 Calendar – No Goblin","nogoblinstore.com›products…game-development-2016…","https://nogoblinstore.com/products/pre-order-men-of-game-development-2016-calendar"
2016,"Top 50 mobile game developers of 2016","pocketgamer.biz›list/62773…game-developers…2016/","http://www.pocketgamer.biz/list/62773/top-50-mobile-game-developers-of-2016/"
2017,"Top 50 Upcoming Games of 2017 | Nerd Much?","nerdmuch.com›games/19406/top-best…games…2017-game…","https://www.nerdmuch.com/games/19406/top-best-most-anticipated-upcoming-games-of-2017-game-releases-calendar/"
2017,"New games of 2017: Page 2 | PC Gamer","pcgamer.com›Games of 2017›PC Gamer","http://www.pcgamer.com/new-games-2017/2/"
2017,"Release date: 2017 | Developer: Grey Alien Games","kotaku.co.uk›2017/01/16/games…2017-strategy-games","http://www.kotaku.co.uk/2017/01/16/games-of-2017-strategy-games"
2017,"Game Development World Championship 2017 | GDWC 2017","thegdwc.com","https://thegdwc.com/"
2017,"Release dates: every game confirmed for 2017 | VG247","vg247.com›2017/02/08/video-game…dates-2017/","http://www.vg247.com/2017/02/08/video-game-release-dates-2017/"
2017,"2017 in video gaming - Wikipedia","en.wikipedia.org›2017 in video gaming","https://en.wikipedia.org/wiki/2017_in_video_gaming"
2017,"2016 and 2017 PC Game Release Dates List - PC Invasion","pcinvasion.com›2016-and-2017-pc-game-release-date…","https://www.pcinvasion.com/2016-and-2017-pc-game-release-date-list"
2017,"Gaming Istanbul 2017 | Developers Conference 2017...","gamingistanbul.com›en/developers-conference-2017…","http://www.gamingistanbul.com/en/developers-conference-2017-speaker-submissions/"
2017,"Top Upcoming Simulation Games of 2017","gameranx.com›features/id/86551/article/top…games/","http://gameranx.com/features/id/86551/article/top-upcoming-simulation-games/"
2017,"Game Developers Conference","gdconf.com","http://www.gdconf.com/"
2017,"Gamedev в Литве / investlithuania.com","investlithuania.com/gamedevelopment","http://yabs.yandex.ru/count/NabQPO-h03O40000gQB0022EiMIJYmLIbGAR0Mv3jm8j0OY_PDh71ecqHxYj19W5dQ7xUnMcWmYAjOhAOGVSjv6gk0Yzi9td2mQgBgMYk4e8ZG7T0TwG9FIHiYZizmsNy3Z14nRjvnuDZxpG7hC3dxGZyGS4auKDcGL2ZApJoWAse6ad0RMWQIS1eA10BmclhDFA0hEWhii3jA1f9m7Pe40l2TgWhii3b9U5FgT8gAUm2NoZ0QxWme1JlTWnrR41ih0n0090-U32W5Ezs37LkQ7xUnN1__________yFmlvLqXFP0n902yG1nOyFql__________3zF__________m_k0T-53Us2FVNEG6uE1CBssK3RmG6TL7mX?q=game+development+date+2017"
2017,"Gamedev в Литве / investlithuania.com","investlithuania.com/gamedevelopment","http://yabs.yandex.ru/count/Hm3gYjpJNiW40000gQB0022EkMgJYmLIbG6R0cv3jm4aYBzasiS6YRH7kAq4c0MTeVjx5QQ328grYifX1zotaQgu2BsmdUSB1gekfQAuIWYD0Tq1tf0az96rWbSu0PVmVIcQ5ktd7WsFipJxA0YVlREGcm-JXGsP1KACgsDc2BQWh7W3jQ2iU0EWe40l2Q-hOsO8iw2komEqeAnu0zcWG2y9sg2komEKdkC5fv600QYdi0byem6kut82PHfcCzMn0RAmC002GFdZSW9b6cOprRcX-tiLmV__________3yBzAmB_xZOrtmZ40SMF3zB__________m_J__________yFxW7VXGtjWZtrtiT5D3To0lRRYJ8b0frKVY40?q=game+development+2017"
2017,"Game Development World Championship 2017 | GDWC 2017","thegdwc.com","https://thegdwc.com/"
2017,"Top 50 Upcoming Games of 2017 | Nerd Much?","nerdmuch.com›games/19406/top-best…games…2017-game…","https://www.nerdmuch.com/games/19406/top-best-most-anticipated-upcoming-games-of-2017-game-releases-calendar/"
2017,"Game Developers Conference","gdconf.com","http://www.gdconf.com/"
2017,"Game Connection America 2017 Development... | Facebook","facebook.com›Game-Connection…2017-Development…","https://www.facebook.com/Game-Connection-America-2017-Development-Awards-231087793965248/"
2017,"West Game Development Forum - Международная...","wgdevforum.net","http://wgdevforum.net/"
2017,"Gaming Istanbul 2017 | Developers Conference 2017...","gamingistanbul.com›en/developers-conference-2017…","http://www.gamingistanbul.com/en/developers-conference-2017-speaker-submissions/"
2017,"Games Industry Events | GamesIndustry.biz | November 2017","gamesindustry.biz›network/events","http://www.gamesindustry.biz/network/events"
2017,"Номинанты Game Developers Choice Awards 2017","gamer-info.com›news…game-developers-choice…2017…","http://gamer-info.com/news/nominanty-game-developers-choice-awards-2017_16581/"
2017,"На GDC 2017 научат делать постельные сцены в играх...","PlayGround.ru›blogs/other…gdc_2017_nauchat_delat…","http://www.PlayGround.ru/blogs/other/na_gdc_2017_nauchat_delat_postelnye_stseny_v_igrah_luchshe-224159/"
2017,"Game Developer Conference 2017 | AlphaGamma","alphagamma.eu›opportunities/game-developer…2017/","https://www.alphagamma.eu/opportunities/game-developer-conference-2017/"
2017,"Gamedev в Литве / investlithuania.com","investlithuania.com/gamedevelopment","http://yabs.yandex.ru/count/9ILJ9ZZOMt440000gQB0022Ek76JYmLIbG6R0cv3jm4aYBzasiS6YRH7kAq4c0MTeVjx5QQ328grYifX1zotaQgu2BsmdUSB1gekfQAuIWYD0Tq1tf0az96rWbSu0PVmEC4J5ktd7WsFipJxA0YVlREGcm-JXGsP1KACenAx1BQWVVG1jQ1zz06We40l2Q-Z4hi4iw2komEqe7tq0TcWG2y9sg2komEKb-a5fv2e0gYdi0byem6am0000BK1hkh20CVS2pNLiG6oi3000a3vwi80nzmBDTMveVjx5S7__________m_2_Ii2_-usDTy8n075Zm_I__________yFq___________3-u1tuKDxO8zzSAQHkQdmlRU8gEE0frKV280?q=game+development+2017"
2017,"Game Development World Championship 2017 | GDWC 2017","thegdwc.com","https://thegdwc.com/"
2017,"Top 50 Upcoming Games of 2017 | Nerd Much?","nerdmuch.com›games/19406/top-best…games…2017-game…","https://www.nerdmuch.com/games/19406/top-best-most-anticipated-upcoming-games-of-2017-game-releases-calendar/"
2017,"Game Developers Conference","gdconf.com","http://www.gdconf.com/"
2017,"West Game Development Forum - Международная...","wgdevforum.net","http://wgdevforum.net/"
2017,"Games Industry Events | GamesIndustry.biz | November 2017","gamesindustry.biz›network/events","http://www.gamesindustry.biz/network/events"
2017,"Game Connection America 2017 Development... | Facebook","facebook.com›Game-Connection…2017-Development…","https://www.facebook.com/Game-Connection-America-2017-Development-Awards-231087793965248/"
2017,"Gaming Istanbul 2017 | Developers Conference 2017...","gamingistanbul.com›en/developers-conference-2017…","http://www.gamingistanbul.com/en/developers-conference-2017-speaker-submissions/"
2017,"Номинанты Game Developers Choice Awards 2017","gamer-info.com›news…game-developers-choice…2017…","http://gamer-info.com/news/nominanty-game-developers-choice-awards-2017_16581/"
2017,"Game Developer Conference 2017 | AlphaGamma","alphagamma.eu›opportunities/game-developer…2017/","https://www.alphagamma.eu/opportunities/game-developer-conference-2017/"
2017,"На GDC 2017 научат делать постельные сцены в играх...","PlayGround.ru›blogs/other…gdc_2017_nauchat_delat…","http://www.PlayGround.ru/blogs/other/na_gdc_2017_nauchat_delat_postelnye_stseny_v_igrah_luchshe-224159/"
2018,"2018 Commonwealth Games - Wikipedia","en.wikipedia.org›2018 Commonwealth Games","https://en.wikipedia.org/wiki/2018_Commonwealth_Games"
2018,"New Games 2018, Top 10 Upcoming Video Games 2018...","rrbresult.co.in›gadget/new-games-2018.html","http://www.rrbresult.co.in/gadget/new-games-2018.html"
2018,"Half-Life 3 Release Date Planned for Q4 2017-Q1 2018...","ibtimes.co.in›half…date…2018-game-not…development…","http://www.ibtimes.co.in/half-life-3-release-date-planned-q4-2017-q1-2018-game-not-active-development-says-former-643323"
2018,"Release Date: TBA 2018 - IGN","ign.com›All Games›…games-project/tba-167430","http://www.ign.com/games/star-wars-visceral-games-project/tba-167430"
2018,"Pro Evolution Soccer 2018 - PS4 - gamepressure.com","games.gamepressure.com›game.asp?ID=19184","http://games.gamepressure.com/game.asp?ID=19184"
2018,"'Borderlands 3' Release Date, News & Update... : Gamenguide","gamenguide.com›articles…3…date-news…october-2018…","http://www.gamenguide.com/articles/57807/20161021/borderlands-3-release-date-news-update-gearbox-s-fps-game-celebrates-7th-year-anniversary-october-2018-launch-confirmed.htm"
2018,"PC Game Release Date List 2017 - 2018 | PC Invasion","pcinvasion.com›2017-and-2018-pc-game-release-date…","http://www.pcinvasion.com/2017-and-2018-pc-game-release-date-list"
2018,"GTA 6 release date, system requirements, trailer","when-release.com›games/GTA-6-release-date-2018","https://when-release.com/games/GTA-6-release-date-2018"
2018,"Half Life 3 Release Date: The Longest Anticipated Video...","universityherald.com›articles…date-the…video…2018…","http://www.universityherald.com/articles/34071/20160712/half-life-3-release-date-the-longest-anticipated-video-game-will-be-vr-ready-in-2018-rumor.htm"
2018,"'Weekly' Development - Week Thirteen news... - Mod DB","moddb.com›mods/the-canals/news/weekly-development…","http://www.moddb.com/mods/the-canals/news/weekly-development-week-thirteen"
2018,"Gamedev в Литве / investlithuania.com","investlithuania.com/gamedevelopment","http://yabs.yandex.ru/count/OaW0Lz6YNmi40000gQB0022EidYJYmLIbGAR0Mv3jm8j0OY_PDh71ecqHxYj19W5dQ7xUnMcWmYAjOhAOGVSjv6gk0Yzi9td2mQgBgMYk4e8ZG7T0TwG9FIHkMww1GENy7qfcXRjvnuDZxO-XaiBdwxqaecJXGsP1KAChqNk0hQW3pO1jQ0FDW6We40l2Q-lHUu2iw2komEqe0ys0TcWG2y9sg2komEKdXuzfqMefx09VAC1fB00001ehkjlGjZNeZRLiG6oi3400a3vwsz2sDUYDjMveVjx5S7__________m_2wUHmJpGVxFt40SMF3zB__________m_J__________yFxW7VXGtjWZtrtq6lGR5l0lRSwc7q0frKUI80?q=game+development+date+2018"
2018,"UL Computer Games Development Class of 2018","steamcommunity.com›groups/LM110","http://steamcommunity.com/groups/LM110"
2018,"List of video games in development - Wikipedia","en.wikipedia.org›List of video games in development","https://en.wikipedia.org/wiki/List_of_video_games_in_development"
2018,"2018 Commonwealth Games - Wikipedia","en.wikipedia.org›2018 Commonwealth Games","https://en.wikipedia.org/wiki/2018_Commonwealth_Games"
2018,"Mobile Game Development Through 2018: Our Forecast","outsoft.com›blog/mobile-games-through-2018-our…","http://outsoft.com/blog/mobile-games-through-2018-our-forecast"
2018,"Game Development Program (G109) 2017-2018","georgebrown.ca›2017-2018","http://www.georgebrown.ca/G109-2017-2018/"
2018,"Cyberpunk 2077 - game info at Riot Pixels","en.riotpixels.com›games/cyberpunk-2077/","http://en.riotpixels.com/games/cyberpunk-2077/"
2018,"Video Game Design and Development | Fanshawe College","fanshawec.ca›programs-and…video-game…development","https://www.fanshawec.ca/programs-and-courses/program/vgd1-video-game-design-and-development"
2018,"Game Development: начало пути / Хабрахабр","habrahabr.ru›post/223517/","https://habrahabr.ru/post/223517/"
2018,"Game Developers Conference (GDC 2018) | February","clocate.com›conference/Game-Developers…GDC-2018…","http://www.clocate.com/conference/Game-Developers-Conference-GDC-2018/34970/"
2018,"Game developer Brianna Wu plans to run for Congress in 2018","venturebeat.com›2016/12/20/game-developer…wu…2018/","http://venturebeat.com/2016/12/20/game-developer-brianna-wu-plans-to-run-for-congress-in-2018/"
2018,"Gamedev в Литве / investlithuania.com","investlithuania.com/gamedevelopment","http://yabs.yandex.ru/count/3pmnxzlMuWC40000gQB0022EkN-JYmLIbGAR0Mv3jm8j0OY_PDh71ecqHxYj19W5dQ7xUnMcWmYAjOhAOGVSjv6gk0Yzi9td2mQgBgMYk4e8ZG7T0TwG9FIHliG1oW-Ny3Z14nRjvnuDZx8TUsW5dwHavwEJXGsP1KACgt6Z0RQGLwsra5UjeA10Bmclgt6Z0REWhii3j91NhTcWG2y9sg2komEKbNnEftkefx09VAC1hkMbWFHgPpZLiG6oi3400a3vvQM0z6fdEDMveVjx5S7__________m_2_fN6vb66oNG8n075Zm_I__________yFq___________3-u1tuKDxO8zzS9RHEDJfVRViOPb0vrKU240?q=game+development+2018"
2018,"UL Computer Games Development Class of 2018","steamcommunity.com›groups/LM110","http://steamcommunity.com/groups/LM110"
2018,"2018 Commonwealth Games - Wikipedia","en.wikipedia.org›2018 Commonwealth Games","https://en.wikipedia.org/wiki/2018_Commonwealth_Games"
2018,"Mobile Game Development Through 2018: Our Forecast","outsoft.com›blog/mobile-games-through-2018-our…","http://outsoft.com/blog/mobile-games-through-2018-our-forecast"
2018,"Game Development Program (G109) 2017-2018","georgebrown.ca›2017-2018","http://www.georgebrown.ca/G109-2017-2018/"
2018,"Video Game Design and Development | Fanshawe College","fanshawec.ca›programs-and…video-game…development","https://www.fanshawec.ca/programs-and-courses/program/vgd1-video-game-design-and-development"
2018,"Cyberpunk 2077 - game info at Riot Pixels","en.riotpixels.com›games/cyberpunk-2077/","http://en.riotpixels.com/games/cyberpunk-2077/"
2018,"Game Development: начало пути / Хабрахабр","habrahabr.ru›post/223517/","https://habrahabr.ru/post/223517/"
2018,"Game developer Brianna Wu plans to run for Congress in 2018","venturebeat.com›2016/12/20/game-developer…wu…2018/","http://venturebeat.com/2016/12/20/game-developer-brianna-wu-plans-to-run-for-congress-in-2018/"
2018,"Game Developers Conference (GDC 2018) | February","clocate.com›conference/Game-Developers…GDC-2018…","http://www.clocate.com/conference/Game-Developers-Conference-GDC-2018/34970/"
2018,"At a Glance: Unity Game Development - Upwork","upwork.com›Unity","https://www.upwork.com/hire/unity-3d-freelancers/"
2018,"Gamedev в Литве / investlithuania.com","investlithuania.com/gamedevelopment","http://yabs.yandex.ru/count/H1Pb3i_Hv3440000gQB0022EiOUJYmLIbGAR0Mv3jm8j0OY_PDh71ecqHxYj19W5dQ7xUnMcWmYAjOhAOGVSjv6gk0Yzi9td2mQgBgMYk4e8ZG7T0TwG9FIHliG1oW-Ny3Z14nRjvnuDZx8TUsW5dwHavwEJXGsP1KACgt6Z0RQGLwsra5UjeA10Bmclgt6Z0REWhii3j91NhTcWG2y9sg2komEKbNnEftkefx09VAC1hkMa0BwQCphLiG6oi3400a3vvQG0lfepEjMveVjx5S7__________m_2_fN6vb66oNG8n075Zm_I__________yFq___________3-u1tuKDxO8zzScQi6LGfFRJefBO0vrKU240?q=game+development+2018"
2019,"The Elder Scrolls 6 may already be in development; Possible...","fabnewz.com›2016/11/14/the…development…date…2019/","http://fabnewz.com/2016/11/14/the-elder-scrolls-6-may-already-be-in-development-possible-release-date-in-2019/"
2019,"Death Stranding Release Date, Rumors And Updates: Game...","gamenguide.com›articles…date…updates…developed.htm","http://www.gamenguide.com/articles/89955/20161213/death-stranding-release-date-rumors-updates-game-feature-proceduraly-developed.htm"
2019,"‘The Elder Scrolls 6’ release date news, update: Game pu","en.yibada.com›articles…6…date-news…game…2019.htm","http://en.yibada.com/articles/157861/20160907/elder-scrolls-6-release-date-news-update-game-pushed-2019.htm"
2019,"'Cyberpunk 2077' News & Update: Game Set For Pre-2019...","universityherald.com›articles…news…2019…video.htm","http://www.universityherald.com/articles/52224/20161128/cyberpunk-2077-news-update-game-set-for-pre-2019-release-date-cd-projekt-reds-latest-game-detailed-video.htm"
2019,"Two Worlds III - PC - gamepressure.com","games.gamepressure.com›game.asp?ID=708","http://games.gamepressure.com/game.asp?ID=708"
2019,"PS5 release date in 2019 at earliest, Sony... | N4G","n4g.com›news/2023317/ps5-release-date…2019…sony…","http://n4g.com/news/2023317/ps5-release-date-in-2019-at-earliest-sony-wont-counter-xbox-scorpio-says-analyst"
2019,"Rumor: The Elder Scrolls 6 Possible 2019 Release Date","thenerdstash.com›multiple-sources-claim-2019…for…","http://thenerdstash.com/multiple-sources-claim-2019-release-for-elder-scrolls-6/"
2019,"SIMS 5 Release Date Is 2019?","sims5game.com›sims-5-release-date-is-2019.html","http://sims5game.com/sims-5-release-date-is-2019.html"
2019,"2019 Southeast Asian Games - Wikipedia","en.wikipedia.org›2019 Southeast Asian Games","https://en.wikipedia.org/wiki/2019_Southeast_Asian_Games"
2019,"Restless Dreams, an indie RPG game for RPG Maker VX Ace","rpgmaker.net›games/8024/","https://rpgmaker.net/games/8024/"
2019,"Gamedev в Литве / investlithuania.com","investlithuania.com/gamedevelopment","http://yabs.yandex.ru/count/PIYyoBmk7Cm40000gQB0022EjOwJYmLIbGAR0Mv3jm8j0OY_PDh71ecqHxYj19W5dQ7xUnMcWmYAjOhAOGVSjv6gk0Yzi9td2mQgBgMYk4e8ZG7T0TwG9FIHli7doGANy7qfcXRjvnuDZxLGMH82dxxlPQy4auKDcGL2ZA3__mAse68z0RMWOZq1eA10BmcleF__0hEWhii3jA1YFG7Pe40l2TgWhii3b9PvFAT3gAUm2NoZ0QxXhW374UuxrR41ih0n0090-U6k0CSHxZlLkQ7xUnN1__________yFmlmAttnbacWf3SG1nOyFql__________3zF__________m_k0T-53Us2FVN4RiDZ7wxsr6OmHmITL7mX?q=game+development+date+2019"
2019,"Game Development: начало пути / Хабрахабр","habrahabr.ru›post/223517/","https://habrahabr.ru/post/223517/"
2019,"LNK2019: Unresolved External Symbol using FBX SDK","gamedev.stackexchange.com›questions…lnk2019…using…","http://gamedev.stackexchange.com/questions/137899/lnk2019-unresolved-external-symbol-using-fbx-sdk"
2019,"0 A.D. - game info at Riot Pixels","en.riotpixels.com›games/0-a-d/","http://en.riotpixels.com/games/0-a-d/"
2019,"C++ DirectX 11 DXTRACE_MSG() Error LINK2019... | Forum","dreamincode.net›forums/topic…c…link2019unresolved…","http://www.dreamincode.net/forums/topic/377359-c-directx-11-dxtrace-msg-error-link2019unresolved-external-symbol/"
2019,"2019 Southeast Asian Games - Wikipedia","en.wikipedia.org›2019 Southeast Asian Games","https://en.wikipedia.org/wiki/2019_Southeast_Asian_Games"
2019,"Game Develop - Конструкторы игр - Файлы для игроделов...","gcup.ru›Файлы для игроделов›Game Develop","https://gcup.ru/load/constructors/game_develop/2-1-0-1533"
2019,"OutRun 2019 Game Review - YouTube","youtube.com›watch?v=jTmDfOlqh5g","https://www.youtube.com/watch?v=jTmDfOlqh5g"
2019,"Is 16GB of RAM sufficient for PC gaming, light... - Quora","quora.com›Is-16GB…RAM…for…gaming…development…2019","https://www.quora.com/Is-16GB-of-RAM-sufficient-for-PC-gaming-light-software-development-and-PhotoShop-until-2019"
2019,"10 Best Freelance Game Development Jobs Online...","upwork.com›Freelance Jobs›Game Development","https://www.upwork.com/o/jobs/browse/skill/game-development/"
2019,"Разработчик C++ / Unreal Engine 4 (Game Development)","hh.ru›vacancy/15782278","https://hh.ru/vacancy/15782278"
2019,"Gamedev в Литве / investlithuania.com","investlithuania.com/gamedevelopment","http://yabs.yandex.ru/count/C9zr154gO-q40000gQB0022ElvMJYmLIbGAR0Mv3jm8j0OY_PDh71ecqHxYj19W5dQ7xUnMcWmYAjOhAOGVSjv6gk0Yzi9td2mQgBgMYk4e8ZG7T0TwG9FIHkMjS1WwNy3Z14nRjvnuDZxtLa4qEdxrJYRq1auKDcGL2ZA8Jkm6sa1ktjP0Rjw2WG2y9hw8Jkm6peAxB0xIG6xVPe40l2TgWhii3b9wmJATrgAUm2NoZ0QxlfO3nUByzrR41ih0n0090-U-bWF5ulptLkQ7xUnN1__________yFmlIk8ElI6G2d3iG1nOyFql__________3zF__________m_k0T-53Us2FVN9FKATzANssYwAkmITL7aX?q=game+development+2019"
2019,"Game Development: начало пути / Хабрахабр","habrahabr.ru›post/223517/","https://habrahabr.ru/post/223517/"
2019,"LNK2019: Unresolved External Symbol using FBX SDK","gamedev.stackexchange.com›questions…lnk2019…using…","http://gamedev.stackexchange.com/questions/137899/lnk2019-unresolved-external-symbol-using-fbx-sdk"
2019,"C++ DirectX 11 DXTRACE_MSG() Error LINK2019... | Forum","dreamincode.net›forums/topic…c…link2019unresolved…","http://www.dreamincode.net/forums/topic/377359-c-directx-11-dxtrace-msg-error-link2019unresolved-external-symbol/"
2019,"0 A.D. - game info at Riot Pixels","en.riotpixels.com›games/0-a-d/","http://en.riotpixels.com/games/0-a-d/"
2019,"2019 Southeast Asian Games - Wikipedia","en.wikipedia.org›2019 Southeast Asian Games","https://en.wikipedia.org/wiki/2019_Southeast_Asian_Games"
2019,"OutRun 2019 Game Review - YouTube","youtube.com›watch?v=jTmDfOlqh5g","https://www.youtube.com/watch?v=jTmDfOlqh5g"
2019,"Game Develop - Конструкторы игр - Файлы для игроделов...","gcup.ru›Файлы для игроделов›Game Develop","https://gcup.ru/load/constructors/game_develop/2-1-0-1533"
2019,"Is 16GB of RAM sufficient for PC gaming, light... - Quora","quora.com›Is-16GB…RAM…for…gaming…development…2019","https://www.quora.com/Is-16GB-of-RAM-sufficient-for-PC-gaming-light-software-development-and-PhotoShop-until-2019"
2019,"10 Best Freelance Game Development Jobs Online...","upwork.com›Freelance Jobs›Game Development","https://www.upwork.com/o/jobs/browse/skill/game-development/"
2019,"Разработчик C++ / Unreal Engine 4 (Game Development)","hh.ru›vacancy/15782278","https://hh.ru/vacancy/15782278"
2019,"Gamedev в Литве / investlithuania.com","investlithuania.com/gamedevelopment","http://yabs.yandex.ru/count/AcvnKUiK0Im40000gQB0022ElPoJYmLIbGAR0Mv3jm8j0OY_PDh71ecqHxYj19W5dQ7xUnMcWmYAjOhAOGVSjv6gk0Yzi9td2mQgBgMYk4e8ZG7T0TwG9FIHkMjS1WwNy7qfcXRjvnuDZxtLa4qEdxrJYRq1auKDcGL2ZA8Jkm6sa1ktjP0Rjw2WG2y9hw8Jkm6peAxB0xIG6xVPe40l2TgWhii3b9wmJATrgAUm2NoZ0QxfSW8vL64_rR41ih0n0090-Ubo0ZbKOJ_LkQ7xUnN1__________yFmlIk8ElI6G2d3iG1nOyFql__________3zF__________m_k0T-53Us2FVNRTCcpat82zju10IG5dLHw8G00?q=game+development+2019"
2020,"GTA 6 Release Date – 2020 – Here’s Why!","releasedateportal.com›games/gta…release-date-2020/","http://www.releasedateportal.com/games/gta-6-release-date-2020/"
2020,"2020: My Country release date for WWW - gamepressure.com","games.gamepressure.com›game.asp?ID=15289","http://games.gamepressure.com/game.asp?ID=15289"
2020,"European Game Developers interested in Horizon2020 projects","egdf.eu›…/","http://www.egdf.eu/horizon2020developers/"
2020,"Will new ""GTA 6"" feature push development to 2020?","gamenguide.com›articles…news…development…2020.htm","http://www.gamenguide.com/articles/71676/20161122/grand-theft-auto-6-release-date-news-update-new-vr-capability-may-cause-delay-gta-6-development-pushes-to-2020.htm"
2020,"GamePatchPlanet - Supreme Ruler 2020 Cheats, Codes...","gamepatchplanet.com›game/supreme_ruler_2020","http://www.gamepatchplanet.com/game/supreme_ruler_2020"
2020,"Tokyo 2020 Games Foundation Plan","tokyo2020.jp›en/games/plan/data/GFP-EN.pdf","https://tokyo2020.jp/en/games/plan/data/GFP-EN.pdf"
2020,"SR 2020 vs. HOI2 | Forum - BGForums","bgforums.com›forums/viewtopic.php…","http://www.bgforums.com/forums/viewtopic.php?t=10526"
2020,"2020 Vision: The Future of Gaming - IGN","ign.com›articles/2010/02/16/2020-vision-the…gaming","http://www.ign.com/articles/2010/02/16/2020-vision-the-future-of-gaming"
2020,"GameSpy: Release Date Set for Supreme Ruler 2020 - Page 1","pc.gamespy.com›pc/supreme-ruler-2020/867697p1.html","http://pc.gamespy.com/pc/supreme-ruler-2020/867697p1.html"
2020,"Rural development 2014-2020: Country files | Agriculture...","ec.europa.eu›agriculture/rural-development…2020…en","http://ec.europa.eu/agriculture/rural-development-2014-2020/country-files_en"
2020,"Gamedev в Литве / investlithuania.com","investlithuania.com/gamedevelopment","http://yabs.yandex.ru/count/VNq7ju4UomK40000gQB0022EjAIJYmLIbGAR0Mv3jm8j0OY_PDh71ecqHxYj19W5dQ7xUnMcWmYAjOhAOGVSjv6gk0Yzi9td2mQgBgMYk4e8ZG7T0TwG9FIHjtd0Bm-Ny3Z14nRjvnuDZxmY_q4CdxstKBK9auKDcGL2ZAAu4GEseBL40RMWjKG1eA10BmclehWH0xEWhii3jA2rH07Pe40l2TgWhii3b9w-EwT1gAUm2NoZ0QxZfO1CUIT1rR41ih0n0090-UEbW4nv9q7LkQ7xUnN1__________yFmlegLYW9JFYu2yG1nOyFql__________3zF__________m_k0T-53Us2FVNCzIFJCQNsqKMAbGMTL7mX?q=game+development+date+2020"
2020,"European Game Developers interested in Horizon2020 projects","egdf.eu›…/","http://www.egdf.eu/horizon2020developers/"
2020,"2020 Game - Play 2020 online for free","kibagames.com›Game/2020","http://www.kibagames.com/Game/2020"
2020,"Supreme Ruler 2020 GOLD v6.8.1 / Земля 2020 / +GOG...","small-games.info›Земля 2020","http://small-games.info/?go=game&c=13&i=6165"
2020,"2020 Vision: The Future of Gaming - IGN","ign.com›articles/2010/02/16/2020-vision-the…gaming","http://www.ign.com/articles/2010/02/16/2020-vision-the-future-of-gaming"
2020,"2020: My Country - WWW - gamepressure.com","games.gamepressure.com›game.asp?ID=15289","http://games.gamepressure.com/game.asp?ID=15289"
2020,"Tokyo 2020 Games Foundation Plan","tokyo2020.jp›en/games/plan/data/GFP-EN.pdf","https://tokyo2020.jp/en/games/plan/data/GFP-EN.pdf"
2020,"Game Development: начало пути / Хабрахабр","habrahabr.ru›post/223517/","https://habrahabr.ru/post/223517/"
2020,"Видео обзор игры ""Моя страна 2020"" от GI. Часть...","youtube.com›watch?v=PMbC9p2Q_S0","https://www.youtube.com/watch?v=PMbC9p2Q_S0"
2020,"Tokyo Smart City Development in Perspective of 2020...","eu-japan.eu›sites/eu-japan…files/Smart2020Tokyo…","http://www.eu-japan.eu/sites/eu-japan.eu/files/Smart2020Tokyo_Final.pdf"
2020,"Super Baseball 2020 — StrategyWiki, the video game...","strategywiki.org›wiki/Super_Baseball_2020","http://strategywiki.org/wiki/Super_Baseball_2020"
2020,"Gamedev в Литве / investlithuania.com","investlithuania.com/gamedevelopment","http://yabs.yandex.ru/count/NMOz513WpLi40000gQB0022EkgkJYmLIbGAR0Mv3jm8j0OY_PDh71ecqHxYj19W5dQ7xUnMcWmYAjOhAOGVSjv6gk0Yzi9td2mQgBgMYk4e8ZG7T0TwG9FIHiDDxu0ENy7qfcXRjvnuDZxrbzb02dxjI6s4CauKDcGL2ZA8Jkm6sa1ktjP0Rjw2WG2y9hw8Jkm6peAxB0xIG6xVPe40l2TgWhii3b9gwJATrgAUm2NoZ0QxfS89S8kX2rR41ih0n0090-UbmWbmYw4BLkQ7xUnN1__________yFmlcK6Mnqg8RG2yG1nOyFql__________3zF__________m_k0T-53Us2FVNRMk5kaN02zjw9j0K6dLHw8G00?q=game+development+2020"
2020,"European Game Developers interested in Horizon2020 projects","egdf.eu›…/","http://www.egdf.eu/horizon2020developers/"
2020,"Supreme Ruler 2020 GOLD v6.8.1 / Земля 2020 / +GOG...","small-games.info›Земля 2020","http://small-games.info/?go=game&c=13&i=6165"
2020,"2020 Vision: The Future of Gaming - IGN","ign.com›articles/2010/02/16/2020-vision-the…gaming","http://www.ign.com/articles/2010/02/16/2020-vision-the-future-of-gaming"
2020,"2020 Game - Play 2020 online for free","kibagames.com›Game/2020","http://www.kibagames.com/Game/2020"
2020,"2020: My Country - WWW - gamepressure.com","games.gamepressure.com›game.asp?ID=15289","http://games.gamepressure.com/game.asp?ID=15289"
2020,"Tokyo 2020 Games Foundation Plan","tokyo2020.jp›en/games/plan/data/GFP-EN.pdf","https://tokyo2020.jp/en/games/plan/data/GFP-EN.pdf"
2020,"Game Development: начало пути / Хабрахабр","habrahabr.ru›post/223517/","https://habrahabr.ru/post/223517/"
2020,"Видео обзор игры ""Моя страна 2020"" от GI. Часть...","youtube.com›watch?v=PMbC9p2Q_S0","https://www.youtube.com/watch?v=PMbC9p2Q_S0"
2020,"Tokyo Smart City Development in Perspective of 2020...","eu-japan.eu›sites/eu-japan…files/Smart2020Tokyo…","http://www.eu-japan.eu/sites/eu-japan.eu/files/Smart2020Tokyo_Final.pdf"
2020,"Super Baseball 2020 — StrategyWiki, the video game...","strategywiki.org›wiki/Super_Baseball_2020","http://strategywiki.org/wiki/Super_Baseball_2020"
2020,"Gamedev в Литве / investlithuania.com","investlithuania.com/gamedevelopment","http://yabs.yandex.ru/count/E7W4D9uZscO40000gQB0022EkhAJYmLIbGAR0Mv3jm8j0OY_PDh71ecqHxYj19W5dQ7xUnMcWmYAjOhAOGVSjv6gk0Yzi9td2mQgBgMYk4e8ZG7T0TwG9FIHiDDxu0ENy7qfcXRjvnuDZxrbzb02dxjI6s4CauKDcGL2ZA8Jkm6sa1ktjP0Rjw2WG2y9hw8Jkm6peAxB0xIG6xVPe40l2TgWhii3b9gwJATrgAUm2NoZ0QxZj02kkPD4rR41ih0n0090-UEq0AwvaqJLkQ7xUnN1__________yFmlcK6Mnqg8RG2yG1nOyFql__________3zF__________m_k0T-53Us2FVNAjp3YFhJst5kQS0QTL7aX?q=game+development+2020"
